										link,Name,AltName,id,id2,x1,y1,x2,y2,x3,y3,x3,y4
										http://www.lfu.bayern.de/gdi/dls/daten/gk25/gk25_5835.zip,GK25 5835 Stadtsteinach,GK25 5835 Stadtsteinach,5835,5835,362,84, 362,103, 341,103, 341,84
										http://www.lfu.bayern.de/gdi/dls/daten/gk25/gk25_5836.zip,GK25 5836 Münchberg,GK25 5836 Münchberg,5836,5836,382,84, 382,104, 362,103, 362,84
										http://www.lfu.bayern.de/gdi/dls/daten/gk25/gk25_5837.zip,GK25 5837 Weißenstadt,GK25 5837 Weißenstadt,5837,5837,403,84, 403,104, 382,104, 382,84
										http://www.lfu.bayern.de/gdi/dls/daten/gk25/gk25_5838_5839.zip,GK25 5838/5839 Selb/Schönberg,GK25 5838/5839 Selb/Schönberg,5838_5839,5838_5839,423,104, 403,104, 403,84, 423,84, 444,84, 444,103
										http://www.lfu.bayern.de/gdi/dls/daten/gk25/gk25_5920.zip,GK25 5920 Alzenau i.UFr.,GK25 5920 Alzenau i.UFr.,5920,5920,52,97, 52,116, 31,115, 32,96
										http://www.lfu.bayern.de/gdi/dls/daten/gk25/gk25_5921.zip,GK25 5921 Schöllkrippen,GK25 5921 Schöllkrippen,5921,5921,73,98, 72,117, 52,116, 52,97
										http://www.lfu.bayern.de/gdi/dls/daten/gk25/gk25_5922.zip,GK25 5922 Frammersbach,GK25 5922 Frammersbach,5922,5922,94,98, 93,118, 72,117, 73,98
										http://www.lfu.bayern.de/gdi/dls/daten/gk25/gk25_5923.zip,GK25 5923 Rieneck,GK25 5923 Rieneck,5923,5923,114,99, 114,118, 93,118, 94,98
										http://www.lfu.bayern.de/gdi/dls/daten/gk25/gk25_5924.zip,GK25 5924 Gemünden a.Main,GK25 5924 Gemünden a.Main,5924,5924,135,100, 134,119, 114,118, 114,99
										http://www.lfu.bayern.de/gdi/dls/daten/gk25/gk25_5926.zip,GK25 5926 Geldersheim,GK25 5926 Geldersheim,5926,5926,176,101, 176,120, 155,119, 156,100
										http://www.lfu.bayern.de/gdi/dls/daten/gk25/gk25_5927.zip,GK25 5927 Schweinfurt,GK25 5927 Schweinfurt,5927,5927,197,101, 196,120, 176,120, 176,101
										http://www.lfu.bayern.de/gdi/dls/daten/gk25/gk25_5928.zip,GK25 5928 Obertheres,GK25 5928 Obertheres,5928,5928,217,102, 217,121, 196,120, 197,101
										http://www.lfu.bayern.de/gdi/dls/daten/gk25/gk25_5930.zip,GK25 5930 Ebern,GK25 5930 Ebern,5930,5930,259,102, 258,122, 238,121, 238,102
										http://www.lfu.bayern.de/gdi/dls/daten/gk25/gk25_5931.zip,GK25 5931 Ebensfeld,GK25 5931 Ebensfeld,5931,5931,279,103, 279,122, 258,122, 259,102
										http://www.lfu.bayern.de/gdi/dls/daten/gk25/gk25_5932.zip,GK25 5932 Uetzing,GK25 5932 Uetzing,5932,5932,300,103, 300,122, 279,122, 279,103
										http://www.lfu.bayern.de/gdi/dls/daten/gk25/gk25_5933.zip,GK25 5933 Weismain,GK25 5933 Weismain,5933,5933,320,103, 320,122, 300,122, 300,103
										http://www.lfu.bayern.de/gdi/dls/daten/gk25/gk25_5935.zip,GK25 5935 Marktschorgast,GK25 5935 Marktschorgast,5935,5935,362,103, 362,123, 341,123, 341,103
										http://www.lfu.bayern.de/gdi/dls/daten/gk25/gk25_5936.zip,GK25 5936 Bad Berneck i.Fichtelgeb.,GK25 5936 Bad Berneck i.Fichtelgeb.,5936,5936,382,104, 382,123, 362,123, 362,103
										http://www.lfu.bayern.de/gdi/dls/daten/gk25/gk25_5939_5940.zip,GK25 5939/5940 Waldsassen/Hatzenreuth,GK25 5939/5940 Waldsassen/Hatzenreuth,5939_5940,5939_5940,444,123, 423,123, 423,104, 444,103, 465,103, 465,123
										http://www.lfu.bayern.de/gdi/dls/daten/gk25/gk25_5937.zip,GK25 5937 Fichtelberg,GK25 5937 Fichtelberg,5937,5937,403,104, 403,123, 382,123, 382,104
										http://www.lfu.bayern.de/gdi/dls/daten/gk25/gk25_5938.zip,GK25 5938 Marktredwitz,GK25 5938 Marktredwitz,5938,5938,423,104, 423,123, 403,123, 403,104
										http://www.lfu.bayern.de/gdi/dls/daten/gk25/gk25_6020.zip,GK25 6020 Aschaffenburg,GK25 6020 Aschaffenburg,6020,6020,52,116, 51,135, 30,135, 31,115
										http://www.lfu.bayern.de/gdi/dls/daten/gk25/gk25_6021.zip,GK25 6021 Haibach,GK25 6021 Haibach,6021,6021,72,117, 72,136, 51,135, 52,116
										http://www.lfu.bayern.de/gdi/dls/daten/gk25/gk25_6022.zip,GK25 6022 Rothenbuch,GK25 6022 Rothenbuch,6022,6022,93,118, 92,137, 72,136, 72,117
										http://www.lfu.bayern.de/gdi/dls/daten/gk25/gk25_6023.zip,GK25 6023 Lohr a.Main,GK25 6023 Lohr a.Main,6023,6023,114,118, 113,137, 92,137, 93,118
										http://www.lfu.bayern.de/gdi/dls/daten/gk25/gk25_6024.zip,GK25 6024 Karlstadt,GK25 6024 Karlstadt,6024,6024,134,119, 134,138, 113,137, 114,118
										http://www.lfu.bayern.de/gdi/dls/daten/gk25/gk25_6026.zip,GK25 6026 Werneck,GK25 6026 Werneck,6026,6026,176,120, 175,139, 154,139, 155,119
										http://www.lfu.bayern.de/gdi/dls/daten/gk25/gk25_6027.zip,GK25 6027 Grettstadt,GK25 6027 Grettstadt,6027,6027,196,120, 196,140, 175,139, 176,120
										http://www.lfu.bayern.de/gdi/dls/daten/gk25/gk25_6030.zip,GK25 6030 Eltmann,GK25 6030 Eltmann,6030,6030,258,122, 258,141, 237,140, 238,121
										http://www.lfu.bayern.de/gdi/dls/daten/gk25/gk25_6031.zip,GK25 6031 Bamberg Nord,GK25 6031 Bamberg Nord,6031,6031,279,122, 279,141, 258,141, 258,122
										http://www.lfu.bayern.de/gdi/dls/daten/gk25/gk25_6032.zip,GK25 6032 Scheßlitz,GK25 6032 Scheßlitz,6032,6032,300,122, 299,141, 279,141, 279,122
										http://www.lfu.bayern.de/gdi/dls/daten/gk25/gk25_6033.zip,GK25 6033 Hollfeld,GK25 6033 Hollfeld,6033,6033,320,122, 320,142, 299,141, 300,122
										http://www.lfu.bayern.de/gdi/dls/daten/gk25/gk25_6034.zip,GK25 6034 Mistelgau,GK25 6034 Mistelgau,6034,6034,341,123, 341,142, 320,142, 320,122
										http://www.lfu.bayern.de/gdi/dls/daten/gk25/gk25_6035.zip,GK25 6035 Bayreuth,GK25 6035 Bayreuth,6035,6035,362,123, 361,142, 341,142, 341,123
										http://www.lfu.bayern.de/gdi/dls/daten/gk25/gk25_6040_6041.zip,GK25 6040/6041 Neualbenreuth/Märing,GK25 6040/6041 Neualbenreuth/Märing,6040_6041,6040_6041,465,142, 444,142, 444,123, 465,123, 485,122, 486,142
										http://www.lfu.bayern.de/gdi/dls/daten/gk25/gk25_6036.zip,GK25 6036 Weidenberg,GK25 6036 Weidenberg,6036,6036,382,123, 382,142, 361,142, 362,123
										http://www.lfu.bayern.de/gdi/dls/daten/gk25/gk25_6039.zip,GK25 6039 Mitterteich,GK25 6039 Mitterteich,6039,6039,444,123, 444,142, 424,142, 423,123
										http://www.lfu.bayern.de/gdi/dls/daten/gk25/gk25_6037.zip,GK25 6037 Ebnath,GK25 6037 Ebnath,6037,6037,403,123, 403,142, 382,142, 382,123
										http://www.lfu.bayern.de/gdi/dls/daten/gk25/gk25_6038.zip,GK25 6038 Waldershof,GK25 6038 Waldershof,6038,6038,423,123, 424,142, 403,142, 403,123
										http://www.lfu.bayern.de/gdi/dls/daten/gk25/gk25_6121.zip,GK25 6121 Heimbuchenthal,GK25 6121 Heimbuchenthal,6121,6121,72,136, 71,155, 50,155, 51,135
										http://www.lfu.bayern.de/gdi/dls/daten/gk25/gk25_6122.zip,GK25 6122 Bischbrunn,GK25 6122 Bischbrunn,6122,6122,92,137, 92,156, 71,155, 72,136
										http://www.lfu.bayern.de/gdi/dls/daten/gk25/gk25_6123.zip,GK25 6123 Marktheidenfeld,GK25 6123 Marktheidenfeld,6123,6123,113,137, 113,157, 92,156, 92,137
										http://www.lfu.bayern.de/gdi/dls/daten/gk25/gk25_6124.zip,GK25 6124 Remlingen,GK25 6124 Remlingen,6124,6124,134,138, 133,157, 113,157, 113,137
										http://www.lfu.bayern.de/gdi/dls/daten/gk25/gk25_6125.zip,GK25 6125 Würzburg Nord,GK25 6125 Würzburg Nord,6125,6125,154,139, 154,158, 133,157, 134,138
										http://www.lfu.bayern.de/gdi/dls/daten/gk25/gk25_6126.zip,GK25 6126 Dettelbach,GK25 6126 Dettelbach,6126,6126,175,139, 175,158, 154,158, 154,139
										http://www.lfu.bayern.de/gdi/dls/daten/gk25/gk25_6127.zip,GK25 6127 Volkach,GK25 6127 Volkach,6127,6127,196,140, 195,159, 175,158, 175,139
										http://www.lfu.bayern.de/gdi/dls/daten/gk25/gk25_6128.zip,GK25 6128 Ebrach,GK25 6128 Ebrach,6128,6128,217,140, 216,159, 195,159, 196,140
										http://www.lfu.bayern.de/gdi/dls/daten/gk25/gk25_6131.zip,GK25 6131 Bamberg Süd,GK25 6131 Bamberg Süd,6131,6131,279,141, 278,160, 258,160, 258,141
										http://www.lfu.bayern.de/gdi/dls/daten/gk25/gk25_6132.zip,GK25 6132 Buttenheim,GK25 6132 Buttenheim,6132,6132,299,141, 299,161, 278,160, 279,141
										http://www.lfu.bayern.de/gdi/dls/daten/gk25/gk25_6133.zip,GK25 6133 Muggendorf,GK25 6133 Muggendorf,6133,6133,320,142, 320,161, 299,161, 299,141
										http://www.lfu.bayern.de/gdi/dls/daten/gk25/gk25_6134.zip,GK25 6134 Waischenfeld,GK25 6134 Waischenfeld,6134,6134,341,142, 341,161, 320,161, 320,142
										http://www.lfu.bayern.de/gdi/dls/daten/gk25/gk25_6135.zip,GK25 6135 Creußen,GK25 6135 Creußen,6135,6135,361,142, 361,161, 341,161, 341,142
										http://www.lfu.bayern.de/gdi/dls/daten/gk25/gk25_6140_6141.zip,GK25 6140/6141 Tirschenreuth/Treppenstein,GK25 6140/6141 Tirschenreuth/Treppenstein,6140_6141,6140_6141,465,161, 444,161, 444,142, 465,142, 486,142, 486,161
										http://www.lfu.bayern.de/gdi/dls/daten/gk25/gk25_6137.zip,GK25 6137 Kemnath,GK25 6137 Kemnath,6137,6137,403,142, 403,161, 382,161, 382,142
										http://www.lfu.bayern.de/gdi/dls/daten/gk25/gk25_6225.zip,GK25 6225 Würzburg Süd,GK25 6225 Würzburg Süd,6225,6225,154,158, 153,177, 133,177, 133,157
										http://www.lfu.bayern.de/gdi/dls/daten/gk25/gk25_6226.zip,GK25 6226 Kitzingen,GK25 6226 Kitzingen,6226,6226,175,158, 174,178, 153,177, 154,158
										http://www.lfu.bayern.de/gdi/dls/daten/gk25/gk25_6227.zip,GK25 6227 Iphofen,GK25 6227 Iphofen,6227,6227,195,159, 195,178, 174,178, 175,158
										http://www.lfu.bayern.de/gdi/dls/daten/gk25/gk25_6228.zip,GK25 6228 Wiesentheid,GK25 6228 Wiesentheid,6228,6228,216,159, 216,179, 195,178, 195,159
										http://www.lfu.bayern.de/gdi/dls/daten/gk25/gk25_6229.zip,GK25 6229 Schlüsselfeld,GK25 6229 Schlüsselfeld,6229,6229,237,160, 237,179, 216,179, 216,159
										http://www.lfu.bayern.de/gdi/dls/daten/gk25/gk25_6230.zip,GK25 6230 Höchstadt a.d.Aisch,GK25 6230 Höchstadt a.d.Aisch,6230,6230,258,160, 257,179, 237,179, 237,160
										http://www.lfu.bayern.de/gdi/dls/daten/gk25/gk25_6231.zip,GK25 6231 Adelsdorf,GK25 6231 Adelsdorf,6231,6231,278,160, 278,180, 257,179, 258,160
										http://www.lfu.bayern.de/gdi/dls/daten/gk25/gk25_6232.zip,GK25 6232 Forchheim,GK25 6232 Forchheim,6232,6232,299,161, 299,180, 278,180, 278,160
										http://www.lfu.bayern.de/gdi/dls/daten/gk25/gk25_6233.zip,GK25 6233 Ebermannstadt,GK25 6233 Ebermannstadt,6233,6233,320,161, 320,180, 299,180, 299,161
										http://www.lfu.bayern.de/gdi/dls/daten/gk25/gk25_6234.zip,GK25 6234 Pottenstein,GK25 6234 Pottenstein,6234,6234,341,161, 340,180, 320,180, 320,161
										http://www.lfu.bayern.de/gdi/dls/daten/gk25/gk25_6235.zip,GK25 6235 Pegnitz,GK25 6235 Pegnitz,6235,6235,361,161, 361,180, 340,180, 341,161
										http://www.lfu.bayern.de/gdi/dls/daten/gk25/gk25_6240.zip,GK25 6240 Flossenbürg,GK25 6240 Flossenbürg,6240,6240,465,161, 465,180, 444,180, 444,161
										http://www.lfu.bayern.de/gdi/dls/daten/gk25/gk25_6239.zip,GK25 6239 Neustadt a.d.Waldnaab,GK25 6239 Neustadt a.d.Waldnaab,6239,6239,444,161, 444,180, 424,180, 424,161
										http://www.lfu.bayern.de/gdi/dls/daten/gk25/gk25_6237.zip,GK25 6237 Grafenwöhr,GK25 6237 Grafenwöhr,6237,6237,403,161, 403,180, 382,180, 382,161
										http://www.lfu.bayern.de/gdi/dls/daten/gk25/gk25_6326.zip,GK25 6326 Ochsenfurt,GK25 6326 Ochsenfurt,6326,6326,174,178, 174,197, 153,196, 153,177
										http://www.lfu.bayern.de/gdi/dls/daten/gk25/gk25_6327.zip,GK25 6327 Markt Einersheim,GK25 6327 Markt Einersheim,6327,6327,195,178, 195,197, 174,197, 174,178
										http://www.lfu.bayern.de/gdi/dls/daten/gk25/gk25_6328.zip,GK25 6328 Scheinfeld,GK25 6328 Scheinfeld,6328,6328,216,179, 215,198, 195,197, 195,178
										http://www.lfu.bayern.de/gdi/dls/daten/gk25/gk25_6329.zip,GK25 6329 Baudenbach,GK25 6329 Baudenbach,6329,6329,237,179, 236,198, 215,198, 216,179
										http://www.lfu.bayern.de/gdi/dls/daten/gk25/gk25_6330.zip,GK25 6330 Uehlfeld,GK25 6330 Uehlfeld,6330,6330,257,179, 257,199, 236,198, 237,179
										http://www.lfu.bayern.de/gdi/dls/daten/gk25/gk25_6331.zip,GK25 6331 Röttenbach,GK25 6331 Röttenbach,6331,6331,278,180, 278,199, 257,199, 257,179
										http://www.lfu.bayern.de/gdi/dls/daten/gk25/gk25_6332.zip,GK25 6332 Erlangen Nord,GK25 6332 Erlangen Nord,6332,6332,299,180, 299,199, 278,199, 278,180
										http://www.lfu.bayern.de/gdi/dls/daten/gk25/gk25_6333.zip,GK25 6333 Gräfenberg,GK25 6333 Gräfenberg,6333,6333,320,180, 320,199, 299,199, 299,180
										http://www.lfu.bayern.de/gdi/dls/daten/gk25/gk25_6334.zip,GK25 6334 Betzenstein,GK25 6334 Betzenstein,6334,6334,340,180, 340,199, 320,199, 320,180
										http://www.lfu.bayern.de/gdi/dls/daten/gk25/gk25_6335.zip,GK25 6335 Auerbach i.d.OPf.,GK25 6335 Auerbach i.d.OPf.,6335,6335,361,180, 361,200, 340,199, 340,180
										http://www.lfu.bayern.de/gdi/dls/daten/gk25/gk25_6340_6341.zip,GK25 6340/6341 Vohenstrauß/Frankenreuth,GK25 6340/6341 Vohenstrauß/Frankenreuth,6340_6341,6340_6341,465,199, 444,200, 444,180, 465,180, 486,180, 486,199
										http://www.lfu.bayern.de/gdi/dls/daten/gk25/gk25_6336.zip,GK25 6336 Vilseck,GK25 6336 Vilseck,6336,6336,382,180, 382,200, 361,200, 361,180
										http://www.lfu.bayern.de/gdi/dls/daten/gk25/gk25_6339.zip,GK25 6339 Waldthurn,GK25 6339 Waldthurn,6339,6339,444,180, 444,200, 424,200, 424,180
										http://www.lfu.bayern.de/gdi/dls/daten/gk25/gk25_6337.zip,GK25 6337 Kaltenbrunn,GK25 6337 Kaltenbrunn,6337,6337,403,180, 403,200, 382,200, 382,180
										http://www.lfu.bayern.de/gdi/dls/daten/gk25/gk25_6338.zip,GK25 6338 Weiden i.d.OPf.,GK25 6338 Weiden i.d.OPf.,6338,6338,424,180, 424,200, 403,200, 403,180
										http://www.lfu.bayern.de/gdi/dls/daten/gk25/gk25_6425.zip,GK25 6425 Röttingen,GK25 6425 Röttingen,6425,6425,153,196, 152,216, 132,215, 132,196
										http://www.lfu.bayern.de/gdi/dls/daten/gk25/gk25_6426.zip,GK25 6426 Aub,GK25 6426 Aub,6426,6426,174,197, 173,216, 152,216, 153,196
										http://www.lfu.bayern.de/gdi/dls/daten/gk25/gk25_6427.zip,GK25 6427 Uffenheim,GK25 6427 Uffenheim,6427,6427,195,197, 194,217, 173,216, 174,197
										http://www.lfu.bayern.de/gdi/dls/daten/gk25/gk25_6428.zip,GK25 6428 Bad Windsheim,GK25 6428 Bad Windsheim,6428,6428,215,198, 215,217, 194,217, 195,197
										http://www.lfu.bayern.de/gdi/dls/daten/gk25/gk25_6429.zip,GK25 6429 Neustadt a.d.Aisch,GK25 6429 Neustadt a.d.Aisch,6429,6429,236,198, 236,217, 215,217, 215,198
										http://www.lfu.bayern.de/gdi/dls/daten/gk25/gk25_6430.zip,GK25 6430 Emskirchen,GK25 6430 Emskirchen,6430,6430,257,199, 257,218, 236,217, 236,198
										http://www.lfu.bayern.de/gdi/dls/daten/gk25/gk25_6431.zip,GK25 6431 Herzogenaurach,GK25 6431 Herzogenaurach,6431,6431,278,199, 278,218, 257,218, 257,199
										http://www.lfu.bayern.de/gdi/dls/daten/gk25/gk25_6432.zip,GK25 6432 Erlangen Süd,GK25 6432 Erlangen Süd,6432,6432,299,199, 298,218, 278,218, 278,199
										http://www.lfu.bayern.de/gdi/dls/daten/gk25/gk25_6433.zip,GK25 6433 Lauf a.d.Pegnitz,GK25 6433 Lauf a.d.Pegnitz,6433,6433,320,199, 319,218, 298,218, 299,199
										http://www.lfu.bayern.de/gdi/dls/daten/gk25/gk25_6434.zip,GK25 6434 Hersbruck,GK25 6434 Hersbruck,6434,6434,340,199, 340,219, 319,218, 320,199
										http://www.lfu.bayern.de/gdi/dls/daten/gk25/gk25_6441.zip,GK25 6441 Eslarn,GK25 6441 Eslarn,6441,6441,486,199, 486,218, 465,219, 465,199
										http://www.lfu.bayern.de/gdi/dls/daten/gk25/gk25_6435.zip,GK25 6435 Pommelsbrunn,GK25 6435 Pommelsbrunn,6435,6435,361,200, 361,219, 340,219, 340,199
										http://www.lfu.bayern.de/gdi/dls/daten/gk25/gk25_6440.zip,GK25 6440 Moosbach,GK25 6440 Moosbach,6440,6440,465,199, 465,219, 445,219, 444,200
										http://www.lfu.bayern.de/gdi/dls/daten/gk25/gk25_6436.zip,GK25 6436 Sulzbach-Rosenberg Nord,GK25 6436 Sulzbach-Rosenberg Nord,6436,6436,382,200, 382,219, 361,219, 361,200
										http://www.lfu.bayern.de/gdi/dls/daten/gk25/gk25_6439.zip,GK25 6439 Tännesberg,GK25 6439 Tännesberg,6439,6439,444,200, 445,219, 424,219, 424,200
										http://www.lfu.bayern.de/gdi/dls/daten/gk25/gk25_6437.zip,GK25 6437 Hirschau,GK25 6437 Hirschau,6437,6437,403,200, 403,219, 382,219, 382,200
										http://www.lfu.bayern.de/gdi/dls/daten/gk25/gk25_6438.zip,GK25 6438 Schnaittenbach,GK25 6438 Schnaittenbach,6438,6438,424,200, 424,219, 403,219, 403,200
										http://www.lfu.bayern.de/gdi/dls/daten/gk25/gk25_6527.zip,GK25 6527 Burgbernheim,GK25 6527 Burgbernheim,6527,6527,194,217, 194,236, 173,235, 173,216
										http://www.lfu.bayern.de/gdi/dls/daten/gk25/gk25_6528.zip,GK25 6528 Marktbergel,GK25 6528 Marktbergel,6528,6528,215,217, 215,236, 194,236, 194,217
										http://www.lfu.bayern.de/gdi/dls/daten/gk25/gk25_6529.zip,GK25 6529 Markt Erlbach,GK25 6529 Markt Erlbach,6529,6529,236,217, 236,237, 215,236, 215,217
										http://www.lfu.bayern.de/gdi/dls/daten/gk25/gk25_6530.zip,GK25 6530 Langenzenn,GK25 6530 Langenzenn,6530,6530,257,218, 256,237, 236,237, 236,217
										http://www.lfu.bayern.de/gdi/dls/daten/gk25/gk25_6531.zip,GK25 6531 Fürth,GK25 6531 Fürth,6531,6531,278,218, 277,237, 256,237, 257,218
										http://www.lfu.bayern.de/gdi/dls/daten/gk25/gk25_6532.zip,GK25 6532 Nürnberg,GK25 6532 Nürnberg,6532,6532,298,218, 298,238, 277,237, 278,218
										http://www.lfu.bayern.de/gdi/dls/daten/gk25/gk25_6533.zip,GK25 6533 Röthenbach a.d.Pegnitz,GK25 6533 Röthenbach a.d.Pegnitz,6533,6533,319,218, 319,238, 298,238, 298,218
										http://www.lfu.bayern.de/gdi/dls/daten/gk25/gk25_6542_6642.zip,GK25 6542/6642 Untergrafenried/Waldmünchen,GK25 6542/6642 Untergrafenried/Waldmünchen,6542_6642,6542_6642,508,257, 487,257, 486,238, 486,218, 507,218, 507,238
										http://www.lfu.bayern.de/gdi/dls/daten/gk25/gk25_6534.zip,GK25 6534 Happurg,GK25 6534 Happurg,6534,6534,340,219, 340,238, 319,238, 319,218
										http://www.lfu.bayern.de/gdi/dls/daten/gk25/gk25_6541.zip,GK25 6541 Tiefenbach,GK25 6541 Tiefenbach,6541,6541,486,218, 486,238, 466,238, 465,219
										http://www.lfu.bayern.de/gdi/dls/daten/gk25/gk25_6535.zip,GK25 6535 Alfeld,GK25 6535 Alfeld,6535,6535,361,219, 361,238, 340,238, 340,219
										http://www.lfu.bayern.de/gdi/dls/daten/gk25/gk25_6540.zip,GK25 6540 Oberviechtach,GK25 6540 Oberviechtach,6540,6540,465,219, 466,238, 445,238, 445,219
										http://www.lfu.bayern.de/gdi/dls/daten/gk25/gk25_6536.zip,GK25 6536 Sulzbach-Rosenberg Süd,GK25 6536 Sulzbach-Rosenberg Süd,6536,6536,382,219, 382,238, 361,238, 361,219
										http://www.lfu.bayern.de/gdi/dls/daten/gk25/gk25_6539.zip,GK25 6539 Nabburg,GK25 6539 Nabburg,6539,6539,445,219, 445,238, 424,238, 424,219
										http://www.lfu.bayern.de/gdi/dls/daten/gk25/gk25_6537.zip,GK25 6537 Amberg,GK25 6537 Amberg,6537,6537,403,219, 403,238, 382,238, 382,219
										http://www.lfu.bayern.de/gdi/dls/daten/gk25/gk25_6538.zip,GK25 6538 Schmidgaden,GK25 6538 Schmidgaden,6538,6538,424,219, 424,238, 403,238, 403,219
										http://www.lfu.bayern.de/gdi/dls/daten/gk25/gk25_6627.zip,GK25 6627 Rothenburg o.d.Tauber,GK25 6627 Rothenburg o.d.Tauber,6627,6627,194,236, 193,255, 172,255, 173,235
										http://www.lfu.bayern.de/gdi/dls/daten/gk25/gk25_6628.zip,GK25 6628 Leutershausen,GK25 6628 Leutershausen,6628,6628,215,236, 214,255, 193,255, 194,236
										http://www.lfu.bayern.de/gdi/dls/daten/gk25/gk25_6629.zip,GK25 6629 Ansbach Nord,GK25 6629 Ansbach Nord,6629,6629,236,237, 235,256, 214,255, 215,236
										http://www.lfu.bayern.de/gdi/dls/daten/gk25/gk25_6630.zip,GK25 6630 Heilsbronn,GK25 6630 Heilsbronn,6630,6630,256,237, 256,256, 235,256, 236,237
										http://www.lfu.bayern.de/gdi/dls/daten/gk25/gk25_6631.zip,GK25 6631 Roßtal,GK25 6631 Roßtal,6631,6631,277,237, 277,256, 256,256, 256,237
										http://www.lfu.bayern.de/gdi/dls/daten/gk25/gk25_6632.zip,GK25 6632 Schwabach,GK25 6632 Schwabach,6632,6632,298,238, 298,257, 277,256, 277,237
										http://www.lfu.bayern.de/gdi/dls/daten/gk25/gk25_6643_6644.zip,GK25 6643/6644 Furth i.Wald,GK25 6643/6644 Furth i.Wald,6643_6644,6643_6644,507,238, 528,237, 528,253, 533,253, 533,256, 529,256, 508,257
										http://www.lfu.bayern.de/gdi/dls/daten/gk25/gk25_6633.zip,GK25 6633 Feucht,GK25 6633 Feucht,6633,6633,319,238, 319,257, 298,257, 298,238
										http://www.lfu.bayern.de/gdi/dls/daten/gk25/gk25_6634.zip,GK25 6634 Altdorf b.Nürnberg,GK25 6634 Altdorf b.Nürnberg,6634,6634,340,238, 340,257, 319,257, 319,238
										http://www.lfu.bayern.de/gdi/dls/daten/gk25/gk25_6641.zip,GK25 6641 Rötz,GK25 6641 Rötz,6641,6641,486,238, 487,257, 466,257, 466,238
										http://www.lfu.bayern.de/gdi/dls/daten/gk25/gk25_6635.zip,GK25 6635 Lauterhofen,GK25 6635 Lauterhofen,6635,6635,361,238, 361,257, 340,257, 340,238
										http://www.lfu.bayern.de/gdi/dls/daten/gk25/gk25_6640.zip,GK25 6640 Neunburg vorm Wald,GK25 6640 Neunburg vorm Wald,6640,6640,466,238, 466,257, 445,257, 445,238
										http://www.lfu.bayern.de/gdi/dls/daten/gk25/gk25_6636.zip,GK25 6636 Kastl,GK25 6636 Kastl,6636,6636,382,238, 382,257, 361,257, 361,238
										http://www.lfu.bayern.de/gdi/dls/daten/gk25/gk25_6639.zip,GK25 6639 Wackersdorf,GK25 6639 Wackersdorf,6639,6639,445,238, 445,257, 424,257, 424,238
										http://www.lfu.bayern.de/gdi/dls/daten/gk25/gk25_6637.zip,GK25 6637 Rieden,GK25 6637 Rieden,6637,6637,403,238, 403,257, 382,257, 382,238
										http://www.lfu.bayern.de/gdi/dls/daten/gk25/gk25_6638.zip,GK25 6638 Schwandorf,GK25 6638 Schwandorf,6638,6638,424,238, 424,257, 403,257, 403,238
										http://www.lfu.bayern.de/gdi/dls/daten/gk25/gk25_6727.zip,GK25 6727 Schillingsfürst,GK25 6727 Schillingsfürst,6727,6727,193,255, 193,274, 172,274, 172,255
										http://www.lfu.bayern.de/gdi/dls/daten/gk25/gk25_6728.zip,GK25 6728 Herrieden,GK25 6728 Herrieden,6728,6728,214,255, 214,275, 193,274, 193,255
										http://www.lfu.bayern.de/gdi/dls/daten/gk25/gk25_6729.zip,GK25 6729 Ansbach Süd,GK25 6729 Ansbach Süd,6729,6729,235,256, 235,275, 214,275, 214,255
										http://www.lfu.bayern.de/gdi/dls/daten/gk25/gk25_6730.zip,GK25 6730 Windsbach,GK25 6730 Windsbach,6730,6730,256,256, 256,275, 235,275, 235,256
										http://www.lfu.bayern.de/gdi/dls/daten/gk25/gk25_6731.zip,GK25 6731 Abenberg,GK25 6731 Abenberg,6731,6731,277,256, 277,276, 256,275, 256,256
										http://www.lfu.bayern.de/gdi/dls/daten/gk25/gk25_6732.zip,GK25 6732 Roth,GK25 6732 Roth,6732,6732,298,257, 298,276, 277,276, 277,256
										http://www.lfu.bayern.de/gdi/dls/daten/gk25/gk25_6743.zip,GK25 6743 Neukirchen b.Hl.Blut,GK25 6743 Neukirchen b.Hl.Blut,6743,6743,529,256, 529,276, 508,276, 508,257
										http://www.lfu.bayern.de/gdi/dls/daten/gk25/gk25_6733.zip,GK25 6733 Allersberg,GK25 6733 Allersberg,6733,6733,319,257, 319,276, 298,276, 298,257
										http://www.lfu.bayern.de/gdi/dls/daten/gk25/gk25_6742.zip,GK25 6742 Cham Ost,GK25 6742 Cham Ost,6742,6742,508,257, 508,276, 487,276, 487,257
										http://www.lfu.bayern.de/gdi/dls/daten/gk25/gk25_6734.zip,GK25 6734 Neumarkt i.d.OPf.,GK25 6734 Neumarkt i.d.OPf.,6734,6734,340,257, 340,276, 319,276, 319,257
										http://www.lfu.bayern.de/gdi/dls/daten/gk25/gk25_6741.zip,GK25 6741 Cham West,GK25 6741 Cham West,6741,6741,487,257, 487,276, 466,276, 466,257
										http://www.lfu.bayern.de/gdi/dls/daten/gk25/gk25_6735.zip,GK25 6735 Deining,GK25 6735 Deining,6735,6735,361,257, 361,276, 340,276, 340,257
										http://www.lfu.bayern.de/gdi/dls/daten/gk25/gk25_6740.zip,GK25 6740 Neukirchen-Balbini,GK25 6740 Neukirchen-Balbini,6740,6740,466,257, 466,276, 445,276, 445,257
										http://www.lfu.bayern.de/gdi/dls/daten/gk25/gk25_6736.zip,GK25 6736 Velburg,GK25 6736 Velburg,6736,6736,382,257, 382,277, 361,276, 361,257
										http://www.lfu.bayern.de/gdi/dls/daten/gk25/gk25_6739.zip,GK25 6739 Bruck i.d.OPf.,GK25 6739 Bruck i.d.OPf.,6739,6739,445,257, 445,276, 424,277, 424,257
										http://www.lfu.bayern.de/gdi/dls/daten/gk25/gk25_6737.zip,GK25 6737 Schmidmühlen,GK25 6737 Schmidmühlen,6737,6737,403,257, 403,277, 382,277, 382,257
										http://www.lfu.bayern.de/gdi/dls/daten/gk25/gk25_6738.zip,GK25 6738 Burglengenfeld,GK25 6738 Burglengenfeld,6738,6738,424,257, 424,277, 403,277, 403,257
										http://www.lfu.bayern.de/gdi/dls/daten/gk25/gk25_6827.zip,GK25 6827 Feuchtwangen West,GK25 6827 Feuchtwangen West,6827,6827,193,274, 192,293, 171,293, 172,274
										http://www.lfu.bayern.de/gdi/dls/daten/gk25/gk25_6828.zip,GK25 6828 Feuchtwangen Ost,GK25 6828 Feuchtwangen Ost,6828,6828,214,275, 214,294, 192,293, 193,274
										http://www.lfu.bayern.de/gdi/dls/daten/gk25/gk25_6829.zip,GK25 6829 Ornbau,GK25 6829 Ornbau,6829,6829,235,275, 235,294, 214,294, 214,275
										http://www.lfu.bayern.de/gdi/dls/daten/gk25/gk25_6830.zip,GK25 6830 Gunzenhausen,GK25 6830 Gunzenhausen,6830,6830,256,275, 256,295, 235,294, 235,275
										http://www.lfu.bayern.de/gdi/dls/daten/gk25/gk25_6845.zip,GK25 6845 Bayerisch Eisenstein,GK25 6845 Bayerisch Eisenstein,6845,6845,550,275, 571,275, 571,294, 550,295
										http://www.lfu.bayern.de/gdi/dls/daten/gk25/gk25_6831.zip,GK25 6831 Spalt,GK25 6831 Spalt,6831,6831,277,276, 277,295, 256,295, 256,275
										http://www.lfu.bayern.de/gdi/dls/daten/gk25/gk25_6832.zip,GK25 6832 Heideck,GK25 6832 Heideck,6832,6832,298,276, 298,295, 277,295, 277,276
										http://www.lfu.bayern.de/gdi/dls/daten/gk25/gk25_6843.zip,GK25 6843 Bad Kötzting,GK25 6843 Bad Kötzting,6843,6843,529,276, 529,295, 508,295, 508,276
										http://www.lfu.bayern.de/gdi/dls/daten/gk25/gk25_6833.zip,GK25 6833 Hilpoltstein,GK25 6833 Hilpoltstein,6833,6833,319,276, 319,295, 298,295, 298,276
										http://www.lfu.bayern.de/gdi/dls/daten/gk25/gk25_6842.zip,GK25 6842 Miltach,GK25 6842 Miltach,6842,6842,508,276, 508,295, 487,295, 487,276
										http://www.lfu.bayern.de/gdi/dls/daten/gk25/gk25_6834.zip,GK25 6834 Berching,GK25 6834 Berching,6834,6834,340,276, 340,296, 319,295, 319,276
										http://www.lfu.bayern.de/gdi/dls/daten/gk25/gk25_6841.zip,GK25 6841 Roding,GK25 6841 Roding,6841,6841,487,276, 487,295, 466,296, 466,276
										http://www.lfu.bayern.de/gdi/dls/daten/gk25/gk25_6835.zip,GK25 6835 Wissing,GK25 6835 Wissing,6835,6835,361,276, 361,296, 340,296, 340,276
										http://www.lfu.bayern.de/gdi/dls/daten/gk25/gk25_6836.zip,GK25 6836 Parsberg,GK25 6836 Parsberg,6836,6836,382,277, 382,296, 361,296, 361,276
										http://www.lfu.bayern.de/gdi/dls/daten/gk25/gk25_6839.zip,GK25 6839 Nittenau,GK25 6839 Nittenau,6839,6839,445,276, 445,296, 424,296, 424,277
										http://www.lfu.bayern.de/gdi/dls/daten/gk25/gk25_6838.zip,GK25 6838 Regenstauf,GK25 6838 Regenstauf,6838,6838,424,277, 424,296, 403,296, 403,277
										http://www.lfu.bayern.de/gdi/dls/daten/gk25/gk25_6928.zip,GK25 6928 Weiltingen,GK25 6928 Weiltingen,6928,6928,214,294, 213,313, 192,313, 192,293
										http://www.lfu.bayern.de/gdi/dls/daten/gk25/gk25_6929.zip,GK25 6929 Wassertrüdingen,GK25 6929 Wassertrüdingen,6929,6929,235,294, 234,313, 213,313, 214,294
										http://www.lfu.bayern.de/gdi/dls/daten/gk25/gk25_6946.zip,GK25 6946 Hirschbach,GK25 6946 Hirschbach,6946,6946,571,294, 592,294, 592,313, 571,313
										http://www.lfu.bayern.de/gdi/dls/daten/gk25/gk25_6930.zip,GK25 6930 Heidenheim,GK25 6930 Heidenheim,6930,6930,256,295, 255,314, 234,313, 235,294
										http://www.lfu.bayern.de/gdi/dls/daten/gk25/gk25_6945.zip,GK25 6945 Zwiesel,GK25 6945 Zwiesel,6945,6945,571,294, 571,313, 550,314, 550,295
										http://www.lfu.bayern.de/gdi/dls/daten/gk25/gk25_6931.zip,GK25 6931 Weißenburg i.Bay.,GK25 6931 Weißenburg i.Bay.,6931,6931,277,295, 276,314, 255,314, 256,295
										http://www.lfu.bayern.de/gdi/dls/daten/gk25/gk25_6944.zip,GK25 6944 Bodenmais,GK25 6944 Bodenmais,6944,6944,550,295, 550,314, 529,314, 529,295
										http://www.lfu.bayern.de/gdi/dls/daten/gk25/gk25_6932.zip,GK25 6932 Nennslingen,GK25 6932 Nennslingen,6932,6932,298,295, 297,314, 276,314, 277,295
										http://www.lfu.bayern.de/gdi/dls/daten/gk25/gk25_6943.zip,GK25 6943 Viechtach,GK25 6943 Viechtach,6943,6943,529,295, 529,314, 508,314, 508,295
										http://www.lfu.bayern.de/gdi/dls/daten/gk25/gk25_6942.zip,GK25 6942 Sankt Englmar,GK25 6942 Sankt Englmar,6942,6942,508,295, 508,314, 487,315, 487,295
										http://www.lfu.bayern.de/gdi/dls/daten/gk25/gk25_6935.zip,GK25 6935 Dietfurt a.d.Altmühl,GK25 6935 Dietfurt a.d.Altmühl,6935,6935,361,296, 361,315, 340,315, 340,296
										http://www.lfu.bayern.de/gdi/dls/daten/gk25/gk25_6940.zip,GK25 6940 Wörth a.d.Donau,GK25 6940 Wörth a.d.Donau,6940,6940,466,296, 466,315, 445,315, 445,296
										http://www.lfu.bayern.de/gdi/dls/daten/gk25/gk25_6939.zip,GK25 6939 Donaustauf,GK25 6939 Donaustauf,6939,6939,445,296, 445,315, 424,315, 424,296
										http://www.lfu.bayern.de/gdi/dls/daten/gk25/gk25_6937.zip,GK25 6937 Laaber,GK25 6937 Laaber,6937,6937,403,296, 403,315, 382,315, 382,296
										http://www.lfu.bayern.de/gdi/dls/daten/gk25/gk25_6938.zip,GK25 6938 Regensburg,GK25 6938 Regensburg,6938,6938,424,296, 424,315, 403,315, 403,296
										http://www.lfu.bayern.de/gdi/dls/daten/gk25/gk25_7046_7047.zip,GK25 7046/7047 Spiegelau/Finsterau (NP Bay. Wald),GK25 7046/7047 Spiegelau/Finsterau (NP Bay. Wald),7046_7047,7046_7047,593,332, 572,333, 571,313, 592,313, 614,313, 614,332
										http://www.lfu.bayern.de/gdi/dls/daten/gk25/gk25_7031.zip,GK25 7031 Treuchtlingen,GK25 7031 Treuchtlingen,7031,7031,276,314, 276,333, 255,333, 255,314
										http://www.lfu.bayern.de/gdi/dls/daten/gk25/gk25_7044.zip,GK25 7044 Regen,GK25 7044 Regen,7044,7044,550,314, 551,333, 530,333, 529,314
										http://www.lfu.bayern.de/gdi/dls/daten/gk25/gk25_7043.zip,GK25 7043 Ruhmannsfelden,GK25 7043 Ruhmannsfelden,7043,7043,529,314, 530,333, 508,334, 508,314
										http://www.lfu.bayern.de/gdi/dls/daten/gk25/gk25_7033.zip,GK25 7033 Titting,GK25 7033 Titting,7033,7033,319,315, 318,334, 297,334, 297,314
										http://www.lfu.bayern.de/gdi/dls/daten/gk25/gk25_7042.zip,GK25 7042 Bogen,GK25 7042 Bogen,7042,7042,508,314, 508,334, 487,334, 487,315
										http://www.lfu.bayern.de/gdi/dls/daten/gk25/gk25_7034.zip,GK25 7034 Kipfenberg,GK25 7034 Kipfenberg,7034,7034,340,315, 339,334, 318,334, 319,315
										http://www.lfu.bayern.de/gdi/dls/daten/gk25/gk25_7035.zip,GK25 7035 Schamhaupten,GK25 7035 Schamhaupten,7035,7035,361,315, 361,334, 339,334, 340,315
										http://www.lfu.bayern.de/gdi/dls/daten/gk25/gk25_7037.zip,GK25 7037 Kelheim,GK25 7037 Kelheim,7037,7037,403,315, 403,334, 382,334, 382,315
										http://www.lfu.bayern.de/gdi/dls/daten/gk25/gk25_7038.zip,GK25 7038 Bad Abbach,GK25 7038 Bad Abbach,7038,7038,424,315, 424,334, 403,334, 403,315
										http://www.lfu.bayern.de/gdi/dls/daten/gk25/gk25_5633_5634.zip,GK25 5633/5634 Sonneberg/Teuschnitz,GK25 5633/5634 Sonneberg/Teuschnitz,5633_5634,5633_5634,341,46, 341,65, 321,65, 300,65, 300,45, 321,45
										http://www.lfu.bayern.de/gdi/dls/daten/gk25/gk25_5635.zip,GK25 5635 Nordhalben,GK25 5635 Nordhalben,5635,5635,362,46, 362,65, 341,65, 341,46
										http://www.lfu.bayern.de/gdi/dls/daten/gk25/gk25_5636.zip,GK25 5636 Naila,GK25 5636 Naila,5636,5636,382,46, 382,65, 362,65, 362,46
										http://www.lfu.bayern.de/gdi/dls/daten/gk25/gk25_5637.zip,GK25 5637 Hof,GK25 5637 Hof,5637,5637,403,46, 403,65, 382,65, 382,46
										http://www.lfu.bayern.de/gdi/dls/daten/gk25/gk25_5638.zip,GK25 5638 Bobenneukirchen,GK25 5638 Bobenneukirchen,5638,5638,403,46, 423,46, 423,65, 403,65
										http://www.lfu.bayern.de/gdi/dls/daten/gk25/gk25_5726.zip,GK25 5726 Bad Kissingen Nord,GK25 5726 Bad Kissingen Nord,5726,5726,177,62, 177,82, 156,81, 157,62
										http://www.lfu.bayern.de/gdi/dls/daten/gk25/gk25_5727.zip,GK25 5727 Münnerstadt,GK25 5727 Münnerstadt,5727,5727,198,63, 197,82, 177,82, 177,62
										http://www.lfu.bayern.de/gdi/dls/daten/gk25/gk25_5732.zip,GK25 5732 Sonnefeld,GK25 5732 Sonnefeld,5732,5732,300,65, 300,84, 279,83, 280,64
										http://www.lfu.bayern.de/gdi/dls/daten/gk25/gk25_5734.zip,GK25 5734 Wallenfels,GK25 5734 Wallenfels,5734,5734,341,65, 341,84, 321,84, 321,65
										http://www.lfu.bayern.de/gdi/dls/daten/gk25/gk25_5735.zip,GK25 5735 Schwarzenbach a.Wald,GK25 5735 Schwarzenbach a.Wald,5735,5735,362,65, 362,84, 341,84, 341,65
										http://www.lfu.bayern.de/gdi/dls/daten/gk25/gk25_5736.zip,GK25 5736 Helmbrechts,GK25 5736 Helmbrechts,5736,5736,382,65, 382,84, 362,84, 362,65
										http://www.lfu.bayern.de/gdi/dls/daten/gk25/gk25_5737.zip,GK25 5737 Schwarzenbach a.d.Saale,GK25 5737 Schwarzenbach a.d.Saale,5737,5737,403,65, 403,84, 382,84, 382,65
										http://www.lfu.bayern.de/gdi/dls/daten/gk25/gk25_5738_5739.zip,GK25 5738/5739 Rehau,GK25 5738/5739 Rehau,5738_5739,5738_5739,423,84, 403,84, 403,65, 423,65, 444,65, 444,84
										http://www.lfu.bayern.de/gdi/dls/daten/gk25/gk25_5826.zip,GK25 5826 Bad Kissingen Süd,GK25 5826 Bad Kissingen Süd,5826,5826,177,82, 176,101, 156,100, 156,81
										http://www.lfu.bayern.de/gdi/dls/daten/gk25/gk25_5828.zip,GK25 5828 Stadtlauringen,GK25 5828 Stadtlauringen,5828,5828,218,82, 217,102, 197,101, 197,82
										http://www.lfu.bayern.de/gdi/dls/daten/gk25/gk25_5829.zip,GK25 5829 Hofheim i.UFr.,GK25 5829 Hofheim i.UFr.,5829,5829,238,83, 238,102, 217,102, 218,82
										http://www.lfu.bayern.de/gdi/dls/daten/gk25/gk25_5830.zip,GK25 5830 Pfarrweisach,GK25 5830 Pfarrweisach,5830,5830,259,83, 259,102, 238,102, 238,83
										http://www.lfu.bayern.de/gdi/dls/daten/gk25/gk25_5831.zip,GK25 5831 Seßlach,GK25 5831 Seßlach,5831,5831,279,83, 279,103, 259,102, 259,83
										http://www.lfu.bayern.de/gdi/dls/daten/gk25/gk25_5833.zip,GK25 5833 Burgkunstadt,GK25 5833 Burgkunstadt,5833,5833,321,84, 320,103, 300,103, 300,84
										http://www.lfu.bayern.de/gdi/dls/daten/gk25/gk25_7148.zip,GK25 7148 Bischofsreut,GK25 7148 Bischofsreut,7148,7148,614,332, 635,331, 636,351, 614,351
										http://www.lfu.bayern.de/gdi/dls/daten/gk25/gk25_7147.zip,GK25 7147 Freyung,GK25 7147 Freyung,7147,7147,614,332, 614,351, 593,352, 593,332
										http://www.lfu.bayern.de/gdi/dls/daten/gk25/gk25_7146.zip,GK25 7146 Grafenau,GK25 7146 Grafenau,7146,7146,593,332, 593,352, 572,352, 572,333
										http://www.lfu.bayern.de/gdi/dls/daten/gk25/gk25_7145.zip,GK25 7145 Schöfweg,GK25 7145 Schöfweg,7145,7145,572,333, 572,352, 551,352, 551,333
										http://www.lfu.bayern.de/gdi/dls/daten/gk25/gk25_7131.zip,GK25 7131 Monheim,GK25 7131 Monheim,7131,7131,276,333, 276,353, 255,352, 255,333
										http://www.lfu.bayern.de/gdi/dls/daten/gk25/gk25_7144.zip,GK25 7144 Lalling,GK25 7144 Lalling,7144,7144,551,333, 551,352, 530,353, 530,333
										http://www.lfu.bayern.de/gdi/dls/daten/gk25/gk25_7132.zip,GK25 7132 Dollnstein,GK25 7132 Dollnstein,7132,7132,297,334, 297,353, 276,353, 276,333
										http://www.lfu.bayern.de/gdi/dls/daten/gk25/gk25_7143.zip,GK25 7143 Deggendorf,GK25 7143 Deggendorf,7143,7143,530,333, 530,353, 509,353, 508,334
										http://www.lfu.bayern.de/gdi/dls/daten/gk25/gk25_7133.zip,GK25 7133 Eichstätt,GK25 7133 Eichstätt,7133,7133,318,334, 318,353, 297,353, 297,334
										http://www.lfu.bayern.de/gdi/dls/daten/gk25/gk25_7142.zip,GK25 7142 Straßkirchen,GK25 7142 Straßkirchen,7142,7142,508,334, 509,353, 487,353, 487,334
										http://www.lfu.bayern.de/gdi/dls/daten/gk25/gk25_7134.zip,GK25 7134 Gaimersheim,GK25 7134 Gaimersheim,7134,7134,339,334, 339,353, 318,353, 318,334
										http://www.lfu.bayern.de/gdi/dls/daten/gk25/gk25_7135.zip,GK25 7135 Kösching,GK25 7135 Kösching,7135,7135,361,334, 360,353, 339,353, 339,334
										http://www.lfu.bayern.de/gdi/dls/daten/gk25/gk25_7137.zip,GK25 7137 Abensberg,GK25 7137 Abensberg,7137,7137,403,334, 403,353, 382,353, 382,334
										http://www.lfu.bayern.de/gdi/dls/daten/gk25/gk25_7248_7249.zip,GK25 7248/7249 Jandelsbrunn,GK25 7248/7249 Jandelsbrunn,7248_7249,7248_7249,636,351, 637,351, 637,370, 636,370, 615,370, 614,351
										http://www.lfu.bayern.de/gdi/dls/daten/gk25/gk25_7246.zip,GK25 7246 Tittling,GK25 7246 Tittling,7246,7246,593,352, 594,371, 572,371, 572,352
										http://www.lfu.bayern.de/gdi/dls/daten/gk25/gk25_7243.zip,vGK25 7243 Plattling,vGK25 7243 Plattling,7243,7243,530,353, 530,372, 509,372, 509,353
										http://www.lfu.bayern.de/gdi/dls/daten/gk25/gk25_7233.zip,GK25 7233 Neuburg a.d.Donau,GK25 7233 Neuburg a.d.Donau,7233,7233,318,353, 318,372, 297,372, 297,353
										http://www.lfu.bayern.de/gdi/dls/daten/gk25/gk25_7242.zip,vGK25 7242 Wallersdorf,vGK25 7242 Wallersdorf,7242,7242,509,353, 509,372, 488,372, 487,353
										http://www.lfu.bayern.de/gdi/dls/daten/gk25/gk25_7234.zip,GK25 7234 Ingolstadt,GK25 7234 Ingolstadt,7234,7234,339,353, 339,372, 318,372, 318,353
										http://www.lfu.bayern.de/gdi/dls/daten/gk25/gk25_7241.zip,vGK25 7241 Pilsting,vGK25 7241 Pilsting,7241,7241,487,353, 488,372, 466,372, 466,353
										http://www.lfu.bayern.de/gdi/dls/daten/gk25/gk25_7235.zip,GK25 7235 Vohburg a.d.Donau,GK25 7235 Vohburg a.d.Donau,7235,7235,360,353, 360,373, 339,372, 339,353
										http://www.lfu.bayern.de/gdi/dls/daten/gk25/gk25_7240.zip,vGK25 7240 Mengkofen,vGK25 7240 Mengkofen,7240,7240,466,353, 466,372, 445,373, 445,353
										http://www.lfu.bayern.de/gdi/dls/daten/gk25/gk25_7236.zip,vGK25 7236 Münchsmünster,vGK25 7236 Münchsmünster,7236,7236,382,353, 382,373, 360,373, 360,353
										http://www.lfu.bayern.de/gdi/dls/daten/gk25/gk25_7239.zip,vGK25 7239 Mallersdorf,vGK25 7239 Mallersdorf,7239,7239,445,353, 445,373, 424,373, 424,353
										http://www.lfu.bayern.de/gdi/dls/daten/gk25/gk25_7237.zip,vGK25 7237 Siegenburg,vGK25 7237 Siegenburg,7237,7237,403,353, 403,373, 382,373, 382,353
										http://www.lfu.bayern.de/gdi/dls/daten/gk25/gk25_7238.zip,vGK25 7238 Rottenburg a.d.Laaber,vGK25 7238 Rottenburg a.d.Laaber,7238,7238,424,353, 424,373, 403,373, 403,353
										http://www.lfu.bayern.de/gdi/dls/daten/gk25/gk25_7348_7349.zip,GK25 7348/7349 Wegscheid,GK25 7348/7349 Wegscheid,7348_7349,7348_7349,637,370, 637,371, 636,372, 636,389, 615,390, 615,370, 636,370
										http://www.lfu.bayern.de/gdi/dls/daten/gk25/gk25_7328.zip,GK25 7328 Wittislingen,GK25 7328 Wittislingen,7328,7328,212,371, 212,390, 190,390, 191,370
										http://www.lfu.bayern.de/gdi/dls/daten/gk25/gk25_7329.zip,GK25 7329 Höchstädt a.d.Donau,GK25 7329 Höchstädt a.d.Donau,7329,7329,233,371, 233,390, 212,390, 212,371
										http://www.lfu.bayern.de/gdi/dls/daten/gk25/gk25_7344.zip,GK25 7344 Pleinting,GK25 7344 Pleinting,7344,7344,551,371, 552,391, 530,391, 530,372
										http://www.lfu.bayern.de/gdi/dls/daten/gk25/gk25_7332.zip,GK25 7332 Burgheim Süd,GK25 7332 Burgheim Süd,7332,7332,297,372, 297,391, 275,391, 276,372
										http://www.lfu.bayern.de/gdi/dls/daten/gk25/gk25_7343.zip,vGK25 7343 Eichendorf,vGK25 7343 Eichendorf,7343,7343,530,372, 530,391, 509,391, 509,372
										http://www.lfu.bayern.de/gdi/dls/daten/gk25/gk25_7333.zip,GK25 7333 Karlshuld,GK25 7333 Karlshuld,7333,7333,318,372, 318,391, 297,391, 297,372
										http://www.lfu.bayern.de/gdi/dls/daten/gk25/gk25_7342.zip,vGK25 7342 Landau a.d.Isar,vGK25 7342 Landau a.d.Isar,7342,7342,509,372, 509,391, 488,391, 488,372
										http://www.lfu.bayern.de/gdi/dls/daten/gk25/gk25_7334.zip,GK25 7334 Reichertshofen,GK25 7334 Reichertshofen,7334,7334,339,372, 339,392, 318,391, 318,372
										http://www.lfu.bayern.de/gdi/dls/daten/gk25/gk25_7341.zip,vGK25 7341 Dingolfing Ost,vGK25 7341 Dingolfing Ost,7341,7341,488,372, 488,391, 467,392, 466,372
										http://www.lfu.bayern.de/gdi/dls/daten/gk25/gk25_7340.zip,vGK25 7340 Dingolfing West,vGK25 7340 Dingolfing West,7340,7340,466,372, 467,392, 445,392, 445,373
										http://www.lfu.bayern.de/gdi/dls/daten/gk25/gk25_7336.zip,vGK25 7336 Mainburg,vGK25 7336 Mainburg,7336,7336,382,373, 382,392, 360,392, 360,373
										http://www.lfu.bayern.de/gdi/dls/daten/gk25/gk25_7339.zip,vGK25 7339 Ergoldsbach,vGK25 7339 Ergoldsbach,7339,7339,445,373, 445,392, 424,392, 424,373
										http://www.lfu.bayern.de/gdi/dls/daten/gk25/gk25_7337.zip,vGK25 7337 Pfeffenhausen,vGK25 7337 Pfeffenhausen,7337,7337,403,373, 403,392, 382,392, 382,373
										http://www.lfu.bayern.de/gdi/dls/daten/gk25/gk25_7338.zip,vGK25 7338 Hohenthann,vGK25 7338 Hohenthann,7338,7338,424,373, 424,392, 403,392, 403,373
										http://www.lfu.bayern.de/gdi/dls/daten/gk25/gk25_7446.zip,GK25 7446 Passau,GK25 7446 Passau,7446,7446,594,390, 594,409, 573,410, 573,390
										http://www.lfu.bayern.de/gdi/dls/daten/gk25/gk25_7445.zip,vGK25 7445 Ortenburg,vGK25 7445 Ortenburg,7445,7445,573,390, 573,410, 552,410, 552,391
										http://www.lfu.bayern.de/gdi/dls/daten/gk25/gk25_7444.zip,vGK25 7444 Aidenbach,vGK25 7444 Aidenbach,7444,7444,552,391, 552,410, 531,410, 530,391
										http://www.lfu.bayern.de/gdi/dls/daten/gk25/gk25_7443.zip,vGK25 7443 Roßbach,vGK25 7443 Roßbach,7443,7443,530,391, 531,410, 509,410, 509,391
										http://www.lfu.bayern.de/gdi/dls/daten/gk25/gk25_7433.zip,GK25 7433 Schrobenhausen,GK25 7433 Schrobenhausen,7433,7433,318,391, 318,411, 296,410, 297,391
										http://www.lfu.bayern.de/gdi/dls/daten/gk25/gk25_7442.zip,vGK25 7442 Arnstorf,vGK25 7442 Arnstorf,7442,7442,509,391, 509,410, 488,411, 488,391
										http://www.lfu.bayern.de/gdi/dls/daten/gk25/gk25_7434.zip,GK25 7434 Hohenwart,GK25 7434 Hohenwart,7434,7434,339,392, 339,411, 318,411, 318,391
										http://www.lfu.bayern.de/gdi/dls/daten/gk25/gk25_7441.zip,vGK25 7441 Frontenhausen,vGK25 7441 Frontenhausen,7441,7441,488,391, 488,411, 467,411, 467,392
										http://www.lfu.bayern.de/gdi/dls/daten/gk25/gk25_7435.zip,GK25 7435 Pfaffenhofen a.d.Ilm,GK25 7435 Pfaffenhofen a.d.Ilm,7435,7435,360,392, 360,411, 339,411, 339,392
										http://www.lfu.bayern.de/gdi/dls/daten/gk25/gk25_7440.zip,vGK25 7440 Aham,vGK25 7440 Aham,7440,7440,467,392, 467,411, 445,411, 445,392
										http://www.lfu.bayern.de/gdi/dls/daten/gk25/gk25_7439.zip,vGK25 7439 Landshut Ost,vGK25 7439 Landshut Ost,7439,7439,445,392, 445,411, 424,411, 424,392
										http://www.lfu.bayern.de/gdi/dls/daten/gk25/gk25_7437.zip,vGK25 7437 Bruckberg,vGK25 7437 Bruckberg,7437,7437,403,392, 403,411, 382,411, 382,392
										http://www.lfu.bayern.de/gdi/dls/daten/gk25/gk25_7438.zip,vGK25 7438 Landshut West,vGK25 7438 Landshut West,7438,7438,424,392, 424,411, 403,411, 403,392
										http://www.lfu.bayern.de/gdi/dls/daten/gk25/gk25_7546.zip,GK25 7546 Neuhaus a.Inn,GK25 7546 Neuhaus a.Inn,7546,7546,594,409, 595,428, 573,429, 573,410
										http://www.lfu.bayern.de/gdi/dls/daten/gk25/gk25_7545.zip,vGK25 7545 Griesbach i.Rottal,vGK25 7545 Griesbach i.Rottal,7545,7545,573,410, 573,429, 552,429, 552,410
										http://www.lfu.bayern.de/gdi/dls/daten/gk25/gk25_7544.zip,vGK25 7544 Bad Birnbach,vGK25 7544 Bad Birnbach,7544,7544,552,410, 552,429, 531,429, 531,410
										http://www.lfu.bayern.de/gdi/dls/daten/gk25/gk25_7543.zip,vGK25 7543 Pfarrkirchen,vGK25 7543 Pfarrkirchen,7543,7543,531,410, 531,429, 509,430, 509,410
										http://www.lfu.bayern.de/gdi/dls/daten/gk25/gk25_7542.zip,vGK25 7542 Eggenfelden,vGK25 7542 Eggenfelden,7542,7542,509,410, 509,430, 488,430, 488,411
										http://www.lfu.bayern.de/gdi/dls/daten/gk25/gk25_7534.zip,GK25 7534 Petershausen,GK25 7534 Petershausen,7534,7534,339,411, 339,430, 318,430, 318,411
										http://www.lfu.bayern.de/gdi/dls/daten/gk25/gk25_7541.zip,vGK25 7541 Gangkofen,vGK25 7541 Gangkofen,7541,7541,488,411, 488,430, 467,430, 467,411
										http://www.lfu.bayern.de/gdi/dls/daten/gk25/gk25_7535.zip,GK25 7535 Allershausen,GK25 7535 Allershausen,7535,7535,360,411, 360,430, 339,430, 339,411
										http://www.lfu.bayern.de/gdi/dls/daten/gk25/gk25_7540.zip,vGK25 7540 Vilsbiburg,vGK25 7540 Vilsbiburg,7540,7540,467,411, 467,430, 445,430, 445,411
										http://www.lfu.bayern.de/gdi/dls/daten/gk25/gk25_7536.zip,GK25 7536 Freising Nord,GK25 7536 Freising Nord,7536,7536,382,411, 381,430, 360,430, 360,411
										http://www.lfu.bayern.de/gdi/dls/daten/gk25/gk25_7539.zip,vGK25 7539 Geisenhausen,vGK25 7539 Geisenhausen,7539,7539,445,411, 445,430, 424,430, 424,411
										http://www.lfu.bayern.de/gdi/dls/daten/gk25/gk25_7538.zip,vGK25 7538 Buch a.Erlbach,vGK25 7538 Buch a.Erlbach,7538,7538,424,411, 424,430, 403,430, 403,411
										http://www.lfu.bayern.de/gdi/dls/daten/gk25/gk25_7626.zip,GK25 7626 Ulm-Südost (Neu-Ulm),GK25 7626 Ulm-Südost (Neu-Ulm),7626,7626,168,427, 168,447, 146,446, 147,427
										http://www.lfu.bayern.de/gdi/dls/daten/gk25/gk25_7627.zip,GK25 7627 Ichenhausen,GK25 7627 Ichenhausen,7627,7627,190,428, 189,447, 168,447, 168,427
										http://www.lfu.bayern.de/gdi/dls/daten/gk25/gk25_7645_7745.zip,vGK25 7645_7745 Rotthalmünster,vGK25 7645_7745 Rotthalmünster,7645_7745,7645_7745,573,429, 574,448, 568,448, 568,450, 552,450, 552,448, 552,429
										http://www.lfu.bayern.de/gdi/dls/daten/gk25/gk25_7644.zip,vGK25 7644 Triftern,vGK25 7644 Triftern,7644,7644,552,429, 552,448, 531,449, 531,429
										http://www.lfu.bayern.de/gdi/dls/daten/gk25/gk25_7643.zip,vGK25 7643 Tann,vGK25 7643 Tann,7643,7643,531,429, 531,449, 510,449, 509,430
										http://www.lfu.bayern.de/gdi/dls/daten/gk25/gk25_7642.zip,vGK25 7642 Wurmannsquick,vGK25 7642 Wurmannsquick,7642,7642,509,430, 510,449, 488,449, 488,430
										http://www.lfu.bayern.de/gdi/dls/daten/gk25/gk25_7641.zip,vGK25 7641 Neumarkt-Sankt Veit,vGK25 7641 Neumarkt-Sankt Veit,7641,7641,488,430, 488,449, 467,449, 467,430
										http://www.lfu.bayern.de/gdi/dls/daten/gk25/gk25_7640.zip,vGK25 7640 Egglkofen,vGK25 7640 Egglkofen,7640,7640,467,430, 467,449, 446,449, 445,430
										http://www.lfu.bayern.de/gdi/dls/daten/gk25/gk25_7636.zip,GK25 7636 Freising Süd,GK25 7636 Freising Süd,7636,7636,381,430, 381,449, 360,449, 360,430
										http://www.lfu.bayern.de/gdi/dls/daten/gk25/gk25_7639.zip,vGK25 7639 Velden,vGK25 7639 Velden,7639,7639,445,430, 446,449, 424,449, 424,430
										http://www.lfu.bayern.de/gdi/dls/daten/gk25/gk25_7726.zip,GK25 7726 Illertissen,GK25 7726 Illertissen,7726,7726,168,447, 167,466, 146,465, 146,446
										http://www.lfu.bayern.de/gdi/dls/daten/gk25/gk25_7727.zip,GK25 7727 Buch,GK25 7727 Buch,7727,7727,189,447, 189,466, 167,466, 168,447
										http://www.lfu.bayern.de/gdi/dls/daten/gk25/gk25_7744.zip,vGK25 7744 Simbach a.Inn,vGK25 7744 Simbach a.Inn,7744,7744,552,448, 552,450, 553,468, 531,468, 531,449
										http://www.lfu.bayern.de/gdi/dls/daten/gk25/gk25_7743.zip,vGK25 7743 Marktl,vGK25 7743 Marktl,7743,7743,531,449, 531,468, 515,468, 510,468, 510,449
										http://www.lfu.bayern.de/gdi/dls/daten/gk25/gk25_7742.zip,vGK25 7742 Altötting,vGK25 7742 Altötting,7742,7742,510,449, 510,468, 488,468, 488,449
										http://www.lfu.bayern.de/gdi/dls/daten/gk25/gk25_7741.zip,vGK25 7741 Mühldorf a.Inn,vGK25 7741 Mühldorf a.Inn,7741,7741,488,449, 488,468, 467,469, 467,449
										http://www.lfu.bayern.de/gdi/dls/daten/gk25/gk25_7740.zip,vGK25 7740 Ampfing,vGK25 7740 Ampfing,7740,7740,467,449, 467,469, 446,469, 446,449
										http://www.lfu.bayern.de/gdi/dls/daten/gk25/gk25_7736.zip,GK25 7736 Ismaning,GK25 7736 Ismaning,7736,7736,381,449, 381,469, 360,469, 360,449
										http://www.lfu.bayern.de/gdi/dls/daten/gk25/gk25_7739.zip,vGK25 7739 Schwindegg,vGK25 7739 Schwindegg,7739,7739,446,449, 446,469, 424,469, 424,449
										http://www.lfu.bayern.de/gdi/dls/daten/gk25/gk25_7842_7843.zip,vGK25 7842_7843 Burghausen,vGK25 7842_7843 Burghausen,7842_7843,7842_7843,515,468, 515,477, 510,477, 510,487, 489,488, 488,468, 510,468
										http://www.lfu.bayern.de/gdi/dls/daten/gk25/gk25_7833.zip,GK25 7833 Fürstenfeldbruck,GK25 7833 Fürstenfeldbruck,7833,7833,317,468, 317,488, 296,487, 296,468
										http://www.lfu.bayern.de/gdi/dls/daten/gk25/gk25_7841.zip,vGK25 7841 Garching a.d.Alz,vGK25 7841 Garching a.d.Alz,7841,7841,488,468, 489,488, 467,488, 467,469
										http://www.lfu.bayern.de/gdi/dls/daten/gk25/gk25_7840.zip,vGK25 7840 Kraiburg a.Inn,vGK25 7840 Kraiburg a.Inn,7840,7840,467,469, 467,488, 446,488, 446,469
										http://www.lfu.bayern.de/gdi/dls/daten/gk25/gk25_7839.zip,vGK25 7839 Haag i.OB,vGK25 7839 Haag i.OB,7839,7839,446,469, 446,488, 424,488, 424,469
										http://www.lfu.bayern.de/gdi/dls/daten/gk25/gk25_7837.zip,GK25 7837 Markt Schwaben,GK25 7837 Markt Schwaben,7837,7837,403,469, 403,488, 381,488, 381,469
										http://www.lfu.bayern.de/gdi/dls/daten/gk25/gk25_7838.zip,vGK25 7838 Albaching,vGK25 7838 Albaching,7838,7838,424,469, 424,488, 403,488, 403,469
										http://www.lfu.bayern.de/gdi/dls/daten/gk25/gk25_7927.zip,GK25 7927 Amendingen,GK25 7927 Amendingen,7927,7927,188,486, 188,505, 166,504, 167,485
										http://www.lfu.bayern.de/gdi/dls/daten/gk25/gk25_7931.zip,GK25 7931 Landsberg am Lech,GK25 7931 Landsberg am Lech,7931,7931,274,487, 274,506, 252,506, 253,487
										http://www.lfu.bayern.de/gdi/dls/daten/gk25/gk25_7942_7943.zip,vGK25 7942_7943 Tittmoning,vGK25 7942_7943 Tittmoning,7942_7943,7942_7943,510,487, 510,501, 514,501, 514,507, 510,507, 489,507, 489,488
										http://www.lfu.bayern.de/gdi/dls/daten/gk25/gk25_7934.zip,GK25 7934 Starnberg Nord,GK25 7934 Starnberg Nord,7934,7934,338,488, 338,507, 317,507, 317,488
										http://www.lfu.bayern.de/gdi/dls/daten/gk25/gk25_7941.zip,GK25 7941 Trostberg,GK25 7941 Trostberg,7941,7941,489,488, 489,507, 467,507, 467,488
										http://www.lfu.bayern.de/gdi/dls/daten/gk25/gk25_7940.zip,vGK25 7940 Obing,vGK25 7940 Obing,7940,7940,467,488, 467,507, 446,507, 446,488
										http://www.lfu.bayern.de/gdi/dls/daten/gk25/gk25_7939.zip,vGK25 7939 Wasserburg a.Inn,vGK25 7939 Wasserburg a.Inn,7939,7939,446,488, 446,507, 424,507, 424,488
										http://www.lfu.bayern.de/gdi/dls/daten/gk25/gk25_7938.zip,vGK25 7938 Steinhöring,vGK25 7938 Steinhöring,7938,7938,424,488, 424,507, 403,507, 403,488
										http://www.lfu.bayern.de/gdi/dls/daten/gk25/gk25_8043.zip,vGK25 8043 Laufen,vGK25 8043 Laufen,8043,8043,532,506, 532,526, 510,526, 510,507, 514,507
										http://www.lfu.bayern.de/gdi/dls/daten/gk25/gk25_8042.zip,GK25 8042 Waging a.See,GK25 8042 Waging a.See,8042,8042,510,507, 510,526, 489,526, 489,507
										http://www.lfu.bayern.de/gdi/dls/daten/gk25/gk25_8034.zip,GK25 8034 Starnberg Süd,GK25 8034 Starnberg Süd,8034,8034,338,507, 338,526, 317,526, 317,507
										http://www.lfu.bayern.de/gdi/dls/daten/gk25/gk25_8041.zip,GK25 8041 Traunreut,GK25 8041 Traunreut,8041,8041,489,507, 489,526, 467,526, 467,507
										http://www.lfu.bayern.de/gdi/dls/daten/gk25/gk25_8040.zip,GK25 8040 Eggstätt,GK25 8040 Eggstätt,8040,8040,467,507, 467,526, 446,526, 446,507
										http://www.lfu.bayern.de/gdi/dls/daten/gk25/gk25_8036.zip,GK25 8036 Otterfing,GK25 8036 Otterfing,8036,8036,381,507, 381,526, 360,526, 360,507
										http://www.lfu.bayern.de/gdi/dls/daten/gk25/gk25_8039.zip,vGK25 8039 Bad Endorf,vGK25 8039 Bad Endorf,8039,8039,446,507, 446,526, 424,526, 424,507
										http://www.lfu.bayern.de/gdi/dls/daten/gk25/gk25_8037.zip,vGK25 8037 Glonn,vGK25 8037 Glonn,8037,8037,403,507, 403,526, 381,526, 381,507
										http://www.lfu.bayern.de/gdi/dls/daten/gk25/gk25_8038.zip,vGK25 8038 Rott a.Inn,vGK25 8038 Rott a.Inn,8038,8038,424,507, 424,526, 403,526, 403,507
										http://www.lfu.bayern.de/gdi/dls/daten/gk25/gk25_8131.zip,GK25 8131 Schongau,GK25 8131 Schongau,8131,8131,274,526, 273,545, 252,544, 252,525
										http://www.lfu.bayern.de/gdi/dls/daten/gk25/gk25_8132.zip,GK25 8132 Weilheim i.OB,GK25 8132 Weilheim i.OB,8132,8132,295,526, 295,545, 273,545, 274,526
										http://www.lfu.bayern.de/gdi/dls/daten/gk25/gk25_8134.zip,GK25 8134 Königsdorf,GK25 8134 Königsdorf,8134,8134,338,526, 338,545, 317,545, 317,526
										http://www.lfu.bayern.de/gdi/dls/daten/gk25/gk25_8141.zip,GK25 8141 Traunstein,GK25 8141 Traunstein,8141,8141,489,526, 489,545, 468,545, 467,526
										http://www.lfu.bayern.de/gdi/dls/daten/gk25/gk25_8140.zip,GK25 8140 Prien a.Chiemsee,GK25 8140 Prien a.Chiemsee,8140,8140,467,526, 468,545, 446,545, 446,526
										http://www.lfu.bayern.de/gdi/dls/daten/gk25/gk25_8136.zip,GK25 8136 Holzkirchen,GK25 8136 Holzkirchen,8136,8136,381,526, 381,546, 360,545, 360,526
										http://www.lfu.bayern.de/gdi/dls/daten/gk25/gk25_8139.zip,GK25 8139 Stephanskirchen,GK25 8139 Stephanskirchen,8139,8139,446,526, 446,545, 424,546, 424,526
										http://www.lfu.bayern.de/gdi/dls/daten/gk25/gk25_8137.zip,GK25 8137 Bruckmühl,GK25 8137 Bruckmühl,8137,8137,403,526, 403,546, 381,546, 381,526
										http://www.lfu.bayern.de/gdi/dls/daten/gk25/gk25_8230.zip,GK25 8230 Lechbruck,GK25 8230 Lechbruck,8230,8230,252,544, 251,564, 230,563, 230,544
										http://www.lfu.bayern.de/gdi/dls/daten/gk25/gk25_8242.zip,GK25 8242 Inzell,GK25 8242 Inzell,8242,8242,511,545, 511,564, 489,564, 489,545
										http://www.lfu.bayern.de/gdi/dls/daten/gk25/gk25_8234.zip,GK25 8234 Penzberg,GK25 8234 Penzberg,8234,8234,338,545, 338,565, 316,564, 317,545
										http://www.lfu.bayern.de/gdi/dls/daten/gk25/gk25_8241.zip,GK25 8241 Ruhpolding,GK25 8241 Ruhpolding,8241,8241,489,545, 489,564, 468,565, 468,545
										http://www.lfu.bayern.de/gdi/dls/daten/gk25/gk25_8240.zip,GK25 8240 Marquartstein,GK25 8240 Marquartstein,8240,8240,468,545, 468,565, 446,565, 446,545
										http://www.lfu.bayern.de/gdi/dls/daten/gk25/gk25_8236.zip,GK25 8236 Tegernsee,GK25 8236 Tegernsee,8236,8236,381,546, 381,565, 360,565, 360,545
										http://www.lfu.bayern.de/gdi/dls/daten/gk25/gk25_8239.zip,GK25 8239 Aschau i.Chiemgau,GK25 8239 Aschau i.Chiemgau,8239,8239,446,545, 446,565, 424,565, 424,546
										http://www.lfu.bayern.de/gdi/dls/daten/gk25/gk25_8237.zip,GK25 8237 Miesbach,GK25 8237 Miesbach,8237,8237,403,546, 403,565, 381,565, 381,546
										http://www.lfu.bayern.de/gdi/dls/daten/gk25/gk25_8238.zip,GK25 8238 Neubeuern,GK25 8238 Neubeuern,8238,8238,424,546, 424,565, 403,565, 403,546
										http://www.lfu.bayern.de/gdi/dls/daten/gk25/gk25_8327.zip,GK25 8327 Buchenberg,GK25 8327 Buchenberg,8327,8327,187,562, 186,582, 165,581, 165,562
										http://www.lfu.bayern.de/gdi/dls/daten/gk25/gk25_8328.zip,GK25 8328 Nesselwang West,GK25 8328 Nesselwang West,8328,8328,208,563, 208,582, 186,582, 187,562
										http://www.lfu.bayern.de/gdi/dls/daten/gk25/gk25_8330.zip,GK25 8330 Roßhaupten,GK25 8330 Roßhaupten,8330,8330,251,564, 251,583, 230,583, 230,563
										http://www.lfu.bayern.de/gdi/dls/daten/gk25/gk25_8331.zip,GK25 8331 Bad Bayersoien,GK25 8331 Bad Bayersoien,8331,8331,273,564, 273,583, 251,583, 251,564
										http://www.lfu.bayern.de/gdi/dls/daten/gk25/gk25_8335.zip,GK25 8335 Lenggries,GK25 8335 Lenggries,8335,8335,360,565, 359,584, 338,584, 338,565
										http://www.lfu.bayern.de/gdi/dls/daten/gk25/gk25_8336_8436.zip,GK25 8336/8436 Rottach-Egern,GK25 8336/8436 Rottach-Egern,8336_8436,8336_8436,381,565, 381,584, 381,587, 359,587, 359,584, 360,565
										http://www.lfu.bayern.de/gdi/dls/daten/gk25/gk25_8338.zip,GK25 8338 Bayrischzell,GK25 8338 Bayrischzell,8338,8338,424,565, 424,584, 403,584, 403,565
										http://www.lfu.bayern.de/gdi/dls/daten/gk25/gk25_8423.zip,GK25 8423 Kressbronn am Bodensee,GK25 8423 Kressbronn am Bodensee,8423,8423,100,579, 99,599, 77,598, 78,579
										http://www.lfu.bayern.de/gdi/dls/daten/gk25/gk25_8424.zip,GK25 8424 Lindau (Bodensee),GK25 8424 Lindau (Bodensee),8424,8424,121,580, 121,599, 99,599, 100,579
										http://www.lfu.bayern.de/gdi/dls/daten/gk25/gk25_8425.zip,GK25 8425 Weiler-Simmerberg,GK25 8425 Weiler-Simmerberg,8425,8425,143,581, 142,600, 141,600, 121,599, 121,580
										http://www.lfu.bayern.de/gdi/dls/daten/gk25/gk25_8426.zip,GK25 8426 Oberstaufen,GK25 8426 Oberstaufen,8426,8426,165,581, 164,600, 142,600, 143,581
										http://www.lfu.bayern.de/gdi/dls/daten/gk25/gk25_8427.zip,GK25 8427 Immenstadt i.Allgäu,GK25 8427 Immenstadt i.Allgäu,8427,8427,186,582, 186,601, 164,600, 165,581
										http://www.lfu.bayern.de/gdi/dls/daten/gk25/gk25_8429.zip,GK25 8429 Pfronten,GK25 8429 Pfronten,8429,8429,230,583, 229,602, 207,601, 208,582
										http://www.lfu.bayern.de/gdi/dls/daten/gk25/gk25_8430.zip,GK25 8430 Füssen,GK25 8430 Füssen,8430,8430,251,583, 251,602, 229,602, 230,583
										http://www.lfu.bayern.de/gdi/dls/daten/gk25/gk25_8431.zip,GK25 8431 Linderhof,GK25 8431 Linderhof,8431,8431,273,583, 273,602, 251,602, 251,583
										http://www.lfu.bayern.de/gdi/dls/daten/gk25/gk25_8432.zip,GK25 8432 Oberammergau,GK25 8432 Oberammergau,8432,8432,295,583, 294,603, 273,602, 273,583
										http://www.lfu.bayern.de/gdi/dls/daten/gk25/gk25_8433.zip,GK25 8433 Eschenlohe,GK25 8433 Eschenlohe,8433,8433,316,584, 316,603, 294,603, 295,583
										http://www.lfu.bayern.de/gdi/dls/daten/gk25/gk25_8434.zip,GK25 8434 Vorderriß,GK25 8434 Vorderriß,8434,8434,338,584, 338,603, 316,603, 316,584
										http://www.lfu.bayern.de/gdi/dls/daten/gk25/gk25_8533_8633.zip,GK25 8533/8633 Mittenwald,GK25 8533/8633 Mittenwald,8533_8633,8533_8633,316,603, 316,622, 309,622, 309,623, 301,623, 301,622, 294,622, 294,603
										http://www.lfu.bayern.de/gdi/dls/daten/gk25/gk25_8628.zip,GK25 8628 Hochvogel,GK25 8628 Hochvogel,8628,8628,207,621, 207,640, 185,639, 185,620
										http://www.lfu.bayern.de/gdi/dls/daten/gk25/gk25_8343.zip,GK25 8343 Berchtesgaden West,GK25 8343 Berchtesgaden West,8343,8343,533,564, 533,583, 511,583, 511,564
										http://www.lfu.bayern.de/gdi/dls/daten/gk25/gk25_8333.zip,GK25 8333 Murnau a.Staffelsee,GK25 8333 Murnau a.Staffelsee,8333,8333,316,564, 316,584, 295,583, 295,564
										http://www.lfu.bayern.de/gdi/dls/daten/gk25/gk25_8334.zip,GK25 8334 Kochel a.See,GK25 8334 Kochel a.See,8334,8334,338,565, 338,584, 316,584, 316,564
										http://www.lfu.bayern.de/gdi/dls/daten/gk25/gk25_5834.zip,GK25 5834 Kulmbach,GK25 5834 Kulmbach,5834,5834,341,84, 341,103, 320,103, 321,84
